City,avg(AQI)
Patna,165.7777997234841
Amaravati,111.37185251798562
Delhi,210.3611625909687
Chandigarh,90.80251183108847
Visakhapatnam,117.86265488338192
Gurugram,148.64478371501272
Amritsar,129.85304601425793
Hyderabad,98.26471984805318
Kolkata,129.1410447761194
